<?xml version="1.0" ?>
<collection>
  <uri>kupudrawers/demolibrary1.xml</uri>
  <icon></icon>
  <title>Library 1</title>
  <description></description>
  <items>
    <resource id="res1">
      <uri>kupudrawers/res1</uri>
      <icon></icon>
      <description>Demo Resource one</description>
    </resource>
    <resource id="res2">
      <uri>kupudrawers/res2</uri>
      <icon></icon>
      <description>Demo Resource two</description>
    </resource>
    <collection id="collection1">
      <uri>kupudrawers/coll1</uri>
      <icon></icon>
      <title>Demo Collecton</title>
      <description>Container for portal members' home directories</description>
      <src>kupudrawers/democollection.xml</src>
    </collection>
  </items>
</collection>
